SE1,T10
SE1,T1
SE1,T9
SE1,T6
SE1,T16
SE1,T5
SE1,T13
SE1,T8
SE1,T266
SE1,T2
SE1,T12
SE1,T11
SE1,T4
SE1,T14
SE1,T15
SE1,T7
SE2,T11
SE2,T7
SE2,T6
SE2,T1
SE2,T4
SE2,T14
SE2,T15
SE2,T3
SE2,T5
SE2,T8
SE2,T9
SE2,T10
SE2,T2
SE2,T16
SE2,T266
SE2,T13
SE3,T13
SE3,T6
SE3,T3
SE3,T11
SE3,T15
SE3,T14
SE3,T5
SE3,T12
SE3,T8
SE3,T2
SE3,T1
SE3,T4
SE3,T9
SE3,T7
SE3,T16
SE3,T10
SE1,T17
SE1,T21
SE1,T37
SE1,T30
SE1,T29
SE1,T36
SE1,T25
SE1,T33
SE1,T31
SE1,T43
SE1,T22
SE1,T19
SE1,T23
SE1,T18
SE1,T24
SE1,T28
SE1,T20
SE1,T26
SE2,T17
SE2,T25
SE2,T32
SE2,T30
SE2,T24
SE2,T28
SE2,T29
SE2,T48
SE2,T20
SE2,T21
SE2,T33
SE2,T43
SE2,T23
SE2,T22
SE2,T18
SE2,T19
SE2,T31
SE2,T36
SE3,T17
SE3,T29
SE3,T18
SE3,T30
SE3,T24
SE3,T31
SE3,T21
SE3,T34
SE3,T33
SE3,T32
SE3,T23
SE3,T26
SE3,T20
SE3,T22
SE3,T28
SE3,T25
SE3,T27
SE3,T19
SE1,T49
SE1,T45
SE1,T35
SE1,T44
SE1,T40
SE1,T39
SE1,T267
SE1,T27
SE1,T52
SE1,T268
SE1,T41
SE1,T47
SE1,T48
SE1,T269
SE1,T32
SE1,T270
SE1,T38
SE1,T42
SE2,T37
SE2,T41
SE2,T49
SE2,T26
SE2,T39
SE2,T47
SE2,T44
SE2,T267
SE2,T40
SE2,T34
SE2,T38
SE2,T35
SE2,T271
SE2,T45
SE2,T27
SE2,T42
SE2,T52
SE2,T268
SE3,T36
SE3,T43
SE3,T52
SE3,T48
SE3,T41
SE3,T47
SE3,T46
SE3,T38
SE3,T37
SE3,T40
SE3,T39
SE3,T42
SE3,T44
SE3,T49
SE3,T50
SE3,T51
SE3,T35
SE3,T45
SE1,T61
SE1,T55
SE1,T67
SE1,T54
SE1,T56
SE1,T62
SE1,T63
SE1,T90
SE1,T64
SE1,T89
SE1,T66
SE1,T83
SE1,T69
SE1,T53
SE1,T74
SE1,T70
SE1,T57
SE1,T68
SE1,T65
SE1,T60
SE2,T57
SE2,T55
SE2,T70
SE2,T81
SE2,T75
SE2,T63
SE2,T90
SE2,T56
SE2,T65
SE2,T60
SE2,T69
SE2,T67
SE2,T58
SE2,T64
SE2,T61
SE2,T54
SE2,T53
SE2,T68
SE2,T66
SE2,T62
SE3,T53
SE3,T72
SE3,T68
SE3,T54
SE3,T70
SE3,T59
SE3,T62
SE3,T66
SE3,T63
SE3,T64
SE3,T69
SE3,T67
SE3,T60
SE3,T71
SE3,T55
SE3,T58
SE3,T65
SE3,T61
SE3,T57
SE3,T56
SE1,T77
SE1,T80
SE1,T103
SE1,T84
SE1,T71
SE1,T93
SE1,T79
SE1,T96
SE1,T108
SE1,T81
SE1,T75
SE1,T72
SE1,T106
SE1,T88
SE1,T78
SE1,T87
SE1,T85
SE1,T86
SE1,T59
SE1,T76
SE1,T58
SE1,T91
SE1,T119
SE1,T73
SE2,T86
SE2,T84
SE2,T88
SE2,T72
SE2,T76
SE2,T98
SE2,T79
SE2,T77
SE2,T106
SE2,T82
SE2,T80
SE2,T91
SE2,T78
SE2,T85
SE2,T59
SE2,T83
SE2,T74
SE2,T119
SE2,T92
SE2,T87
SE2,T73
SE2,T89
SE2,T93
SE2,T71
SE3,T95
SE3,T91
SE3,T96
SE3,T75
SE3,T82
SE3,T94
SE3,T76
SE3,T88
SE3,T80
SE3,T78
SE3,T86
SE3,T87
SE3,T89
SE3,T85
SE3,T83
SE3,T93
SE3,T92
SE3,T81
SE3,T77
SE3,T74
SE3,T79
SE3,T73
SE3,T90
SE3,T84
SE1,T128
SE1,T109
SE1,T272
SE1,T133
SE1,T94
SE1,T110
SE1,T105
SE1,T107
SE1,T101
SE1,T98
SE1,T114
SE1,T92
SE1,T138
SE1,T99
SE1,T102
SE1,T122
SE1,T100
SE1,T115
SE1,T139
SE1,T116
SE1,T112
SE1,T126
SE1,T118
SE1,T82
SE2,T113
SE2,T107
SE2,T96
SE2,T99
SE2,T108
SE2,T115
SE2,T97
SE2,T139
SE2,T101
SE2,T116
SE2,T102
SE2,T110
SE2,T100
SE2,T95
SE2,T112
SE2,T128
SE2,T118
SE2,T105
SE2,T103
SE2,T94
SE2,T133
SE2,T122
SE2,T104
SE2,T109
SE3,T116
SE3,T98
SE3,T109
SE3,T110
SE3,T108
SE3,T106
SE3,T97
SE3,T118
SE3,T105
SE3,T107
SE3,T111
SE3,T113
SE3,T102
SE3,T101
SE3,T112
SE3,T100
SE3,T103
SE3,T99
SE3,T117
SE3,T115
SE3,T104
SE3,T119
SE3,T114
SE1,T113
SE1,T125
SE1,T137
SE1,T121
SE1,T273
SE1,T132
SE1,T97
SE1,T274
SE1,T131
SE1,T127
SE1,T120
SE1,T140
SE1,T123
SE1,T135
SE1,T130
SE1,T275
SE1,T95
SE1,T276
SE1,T141
SE1,T124
SE1,T143
SE1,T134
SE1,T104
SE1,T111
SE2,T272
SE2,T276
SE2,T124
SE2,T131
SE2,T120
SE2,T141
SE2,T123
SE2,T137
SE2,T132
SE2,T130
SE2,T140
SE2,T134
SE2,T126
SE2,T111
SE2,T274
SE2,T125
SE2,T138
SE2,T114
SE2,T127
SE2,T135
SE2,T143
SE2,T117
SE2,T121
SE2,T142
SE3,T129
SE3,T143
SE3,T128
SE3,T135
SE3,T137
SE3,T131
SE3,T125
SE3,T127
SE3,T120
SE3,T122
SE3,T123
SE3,T142
SE3,T130
SE3,T138
SE3,T136
SE3,T124
SE3,T141
SE3,T132
SE3,T134
SE3,T140
SE3,T126
SE3,T133
SE3,T139
SE3,T121
SE1,T152
SE1,T163
SE1,T150
SE1,T154
SE1,T158
SE1,T171
SE1,T151
SE1,T176
SE1,T144
SE1,T162
SE1,T160
SE1,T148
SE1,T167
SE1,T146
SE1,T153
SE1,T155
SE1,T147
SE1,T156
SE1,T145
SE1,T159
SE2,T145
SE2,T163
SE2,T153
SE2,T161
SE2,T147
SE2,T146
SE2,T151
SE2,T159
SE2,T156
SE2,T152
SE2,T148
SE2,T149
SE2,T160
SE2,T171
SE2,T155
SE2,T154
SE2,T150
SE2,T162
SE2,T144
SE2,T176
SE3,T152
SE3,T150
SE3,T145
SE3,T149
SE3,T153
SE3,T155
SE3,T157
SE3,T163
SE3,T159
SE3,T160
SE3,T151
SE3,T146
SE3,T148
SE3,T162
SE3,T147
SE3,T156
SE3,T154
SE3,T158
SE3,T144
SE3,T161
SE1,T157
SE1,T178
SE1,T161
SE1,T149
SE1,T181
SE1,T166
SE1,T183
SE1,T175
SE1,T180
SE1,T168
SE1,T177
SE1,T277
SE1,T278
SE1,T169
SE1,T170
SE1,T279
SE1,T164
SE1,T280
SE1,T174
SE1,T165
SE2,T166
SE2,T167
SE2,T279
SE2,T180
SE2,T168
SE2,T178
SE2,T172
SE2,T177
SE2,T175
SE2,T281
SE2,T183
SE2,T165
SE2,T282
SE2,T181
SE2,T170
SE2,T174
SE2,T164
SE2,T169
SE2,T157
SE2,T158
SE3,T166
SE3,T169
SE3,T173
SE3,T170
SE3,T168
SE3,T178
SE3,T171
SE3,T172
SE3,T175
SE3,T183
SE3,T181
SE3,T167
SE3,T179
SE3,T174
SE3,T177
SE3,T176
SE3,T182
SE3,T165
SE3,T164
SE3,T180
SE1,T184
SE1,T195
SE1,T191
SE1,T189
SE1,T187
SE1,T188
SE1,T193
SE1,T198
SE1,T205
SE1,T190
SE1,T186
SE1,T196
SE1,T185
SE1,T202
SE1,T199
SE1,T204
SE1,T194
SE1,T200
SE1,T197
SE1,T211
SE2,T211
SE2,T184
SE2,T185
SE2,T189
SE2,T193
SE2,T202
SE2,T212
SE2,T195
SE2,T192
SE2,T197
SE2,T194
SE2,T186
SE2,T198
SE2,T188
SE2,T187
SE2,T206
SE2,T190
SE2,T196
SE2,T200
SE2,T199
SE3,T192
SE3,T184
SE3,T196
SE3,T189
SE3,T197
SE3,T190
SE3,T195
SE3,T203
SE3,T188
SE3,T200
SE3,T199
SE3,T185
SE3,T202
SE3,T187
SE3,T198
SE3,T194
SE3,T191
SE3,T193
SE3,T186
SE3,T201
SE1,T192
SE1,T220
SE1,T283
SE1,T203
SE1,T284
SE1,T285
SE1,T209
SE1,T218
SE1,T286
SE1,T208
SE1,T287
SE1,T206
SE1,T288
SE1,T212
SE1,T219
SE1,T210
SE1,T213
SE1,T215
SE1,T217
SE1,T289
SE1,T290
SE1,T291
SE2,T203
SE2,T215
SE2,T220
SE2,T217
SE2,T210
SE2,T286
SE2,T219
SE2,T208
SE2,T218
SE2,T222
SE2,T209
SE2,T205
SE2,T289
SE2,T284
SE2,T191
SE2,T292
SE2,T204
SE2,T201
SE2,T223
SE3,T214
SE3,T204
SE3,T205
SE3,T222
SE3,T210
SE3,T217
SE3,T218
SE3,T221
SE3,T209
SE3,T208
SE3,T219
SE3,T220
SE3,T213
SE3,T223
SE3,T212
SE3,T216
SE3,T215
SE3,T211
SE3,T207
SE3,T206
SE1,T242
SE1,T237
SE1,T230
SE1,T257
SE1,T240
SE1,T202
SE1,T248
SE1,T229
SE1,T226
SE1,T243
SE1,T233
SE1,T228
SE1,T224
SE1,T235
SE1,T262
SE1,T225
SE1,T236
SE1,T231
SE1,T258
SE1,T239
SE2,T235
SE2,T236
SE2,T248
SE2,T238
SE2,T224
SE2,T237
SE2,T240
SE2,T243
SE2,T231
SE2,T202
SE2,T239
SE2,T247
SE2,T225
SE2,T228
SE2,T254
SE2,T226
SE2,T233
SE2,T242
SE2,T230
SE2,T229
SE3,T233
SE3,T224
SE3,T240
SE3,T225
SE3,T230
SE3,T202
SE3,T241
SE3,T239
SE3,T242
SE3,T234
SE3,T231
SE3,T232
SE3,T237
SE3,T236
SE3,T243
SE3,T226
SE3,T235
SE3,T238
SE3,T229
SE3,T228
SE1,T293
SE1,T294
SE1,T255
SE1,T245
SE1,T252
SE1,T251
SE1,T295
SE1,T244
SE1,T259
SE1,T247
SE1,T234
SE1,T297
SE1,T238
SE1,T296
SE1,T298
SE1,T246
SE1,T232
SE1,T261
SE1,T260
SE1,T254
SE1,T263
SE1,T299
SE2,T261
SE2,T262
SE2,T244
SE2,T246
SE2,T252
SE2,T251
SE2,T295
SE2,T259
SE2,T249
SE2,T232
SE2,T263
SE2,T258
SE2,T257
SE2,T299
SE2,T241
SE2,T234
SE2,T260
SE2,T264
SE2,T245
SE2,T300
SE2,T298
SE2,T255
SE3,T263
SE3,T264
SE3,T265
SE3,T258
SE3,T246
SE3,T261
SE3,T249
SE3,T256
SE3,T254
SE3,T250
SE3,T245
SE3,T255
SE3,T262
SE3,T260
SE3,T259
SE3,T252
SE3,T248
SE3,T251
SE3,T244
SE3,T253
SE3,T257
SE3,T247